-- MySQL dump 10.13  Distrib 8.0.26, for macos11 (x86_64)
--
-- Host: localhost    Database: daily_report_system
-- ------------------------------------------------------
-- Server version	8.0.26

/*!40101 SET @OLD_CHARACTER_SET_CLIENT=@@CHARACTER_SET_CLIENT */;
/*!40101 SET @OLD_CHARACTER_SET_RESULTS=@@CHARACTER_SET_RESULTS */;
/*!40101 SET @OLD_COLLATION_CONNECTION=@@COLLATION_CONNECTION */;
/*!50503 SET NAMES utf8mb4 */;
/*!40103 SET @OLD_TIME_ZONE=@@TIME_ZONE */;
/*!40103 SET TIME_ZONE='+00:00' */;
/*!40014 SET @OLD_UNIQUE_CHECKS=@@UNIQUE_CHECKS, UNIQUE_CHECKS=0 */;
/*!40014 SET @OLD_FOREIGN_KEY_CHECKS=@@FOREIGN_KEY_CHECKS, FOREIGN_KEY_CHECKS=0 */;
/*!40101 SET @OLD_SQL_MODE=@@SQL_MODE, SQL_MODE='NO_AUTO_VALUE_ON_ZERO' */;
/*!40111 SET @OLD_SQL_NOTES=@@SQL_NOTES, SQL_NOTES=0 */;

--
-- Table structure for table `comments`
--

DROP TABLE IF EXISTS `comments`;
/*!40101 SET @saved_cs_client     = @@character_set_client */;
/*!50503 SET character_set_client = utf8mb4 */;
CREATE TABLE `comments` (
  `id` int NOT NULL AUTO_INCREMENT,
  `employee_id` int NOT NULL,
  `report_id` int NOT NULL,
  `content` longtext NOT NULL,
  `comment_date` date NOT NULL,
  `created_at` datetime NOT NULL,
  `updated_at` datetime NOT NULL,
  PRIMARY KEY (`id`),
  KEY `employee_id` (`employee_id`),
  KEY `report_id` (`report_id`),
  CONSTRAINT `comments_ibfk_1` FOREIGN KEY (`employee_id`) REFERENCES `employees` (`id`),
  CONSTRAINT `comments_ibfk_2` FOREIGN KEY (`report_id`) REFERENCES `reports` (`id`)
) ENGINE=InnoDB DEFAULT CHARSET=utf8mb3;
/*!40101 SET character_set_client = @saved_cs_client */;

--
-- Dumping data for table `comments`
--

LOCK TABLES `comments` WRITE;
/*!40000 ALTER TABLE `comments` DISABLE KEYS */;
/*!40000 ALTER TABLE `comments` ENABLE KEYS */;
UNLOCK TABLES;

--
-- Table structure for table `employees`
--

DROP TABLE IF EXISTS `employees`;
/*!40101 SET @saved_cs_client     = @@character_set_client */;
/*!50503 SET character_set_client = utf8mb4 */;
CREATE TABLE `employees` (
  `id` int NOT NULL AUTO_INCREMENT,
  `admin_flag` int NOT NULL,
  `code` varchar(255) NOT NULL,
  `created_at` datetime(6) NOT NULL,
  `delete_flag` int NOT NULL,
  `name` varchar(255) NOT NULL,
  `password` varchar(64) NOT NULL,
  `updated_at` datetime(6) NOT NULL,
  PRIMARY KEY (`id`),
  UNIQUE KEY `UK_3um79qgwg340lpaw7phtwudtc` (`code`)
) ENGINE=InnoDB AUTO_INCREMENT=19 DEFAULT CHARSET=utf8mb3;
/*!40101 SET character_set_client = @saved_cs_client */;

--
-- Dumping data for table `employees`
--

LOCK TABLES `employees` WRITE;
/*!40000 ALTER TABLE `employees` DISABLE KEYS */;
INSERT INTO `employees` VALUES (1,1,'A001','2021-12-18 22:53:00.172346',0,'田中　タロウ','68C881594DA2324C61614A912667AA137FE2CE846522E88D02A3F302A02C77B7','2021-12-19 19:28:35.526517'),(2,1,'A002','2021-12-18 22:54:15.853290',0,'佐藤　コウスケ','B1E6093EBB4C7CB503C877BB52DB110304ED645FF5FB0EBAC6C865153C3045FF','2021-12-19 19:08:57.817703'),(3,0,'A003','2021-12-19 10:39:40.628321',0,'Jack','EB06210E4927D41D7285E70D4C7CF3FB96AD93791895D0663C4F8CE7E2243575','2021-12-19 21:15:19.476930'),(4,0,'A004','2021-12-19 10:39:53.007594',0,'Paul','5CBB5985581D9F607C29D66ADB43459E7477CD2CBA8719CE27428E76AFB2C442','2021-12-19 10:39:53.007594'),(5,0,'A005','2021-12-19 10:40:06.572918',0,'Daniel','67C19C522E5317CCDB905957E2041B0A3B58604399BF9BE887DD25EA58A82273','2021-12-19 10:40:06.572918'),(6,1,'A006','2021-12-19 10:40:43.814578',0,'Michael','4AAE7B968015381EFC6E54D8C5BCF6E52C033ABE0D744EBF8D13E5819394FF2C','2021-12-19 10:40:43.814578'),(7,1,'A007','2021-12-19 10:41:08.111744',0,'Chris','58C0B8867758A9965707532FAD7A4FD599082BABB9551E4217A85C78BFDD960A','2021-12-19 10:41:08.111744'),(8,0,'A008','2021-12-19 10:41:29.322124',0,'Megan','D89C73F80DA357E0D0DA376B53FA5FDDF0A89E1C123A69B40860FD299B0C4FD1','2021-12-19 10:41:29.322124'),(9,1,'A009','2021-12-19 10:42:03.791022',0,'Nicol','422888117E9DB4DF1B6077CD785A73684A28038F52C075202C382AA30EEAD157','2021-12-19 10:42:03.791022'),(10,1,'A010','2021-12-19 10:42:46.286561',0,'Ray','198396168A0ED4D1D3381E71358797C06F2866472F3582AA02767C7F9E1BB56E','2021-12-19 10:42:46.286561'),(11,0,'A011','2021-12-19 10:43:03.209198',0,'Max','162EBBD3C928AE4A011DA229E461BC4251069310EF3CAA03CB7D6500F34F0F92','2021-12-19 10:43:03.209198'),(12,1,'A012','2021-12-19 10:43:26.618378',0,'Brent','5EFDA3A5A3B8A8D386726A52EA0BC52CDF3E4A58F8882787CACE81E2985B396F','2021-12-19 10:43:26.618378'),(13,0,'A013','2021-12-19 10:43:55.882680',0,'Thomas','87F2A490C19FD63A5A4AE74AE38B37B4DF66983A20D39DFEC3EB1FD01EEABC82','2021-12-19 10:43:55.882680'),(14,1,'A014','2021-12-19 10:45:00.222309',0,'Isaac','A939A7ABC7A06A7353B314C4C576AA0FCE20395796A5122692B7B3CA361D5767','2021-12-19 10:45:00.222309'),(15,1,'A015','2021-12-19 10:47:05.960521',0,'Meckenzie','E35A0A49B450C6706CE6038FA08FC03AE0D54D039FEA69B365500FF3DAA27E07','2021-12-19 10:47:05.960521'),(16,0,'A016','2021-12-19 10:48:58.982688',1,'Kendrick','0B42CBBBCC6B8AEBF0C508255B94B5F2ADFBA3415DE6C2611BFF0583ACCE3486','2021-12-23 10:03:50.141430'),(17,0,'A017','2021-12-19 18:55:53.072791',1,'Jessica','D5F17189DE608D240E521DE8276188B1AED4D7C0B6C225FCBC0721BC8B75D997','2021-12-19 23:08:22.265460'),(18,1,'A018','2022-01-07 17:47:52.040042',0,'Shawn','66C59FCDF382AD2E27E5B0125FBD8680ABD5086E7EEAFDF872EDCB70E5106878','2022-01-07 17:47:52.040042');
/*!40000 ALTER TABLE `employees` ENABLE KEYS */;
UNLOCK TABLES;

--
-- Table structure for table `likes`
--

DROP TABLE IF EXISTS `likes`;
/*!40101 SET @saved_cs_client     = @@character_set_client */;
/*!50503 SET character_set_client = utf8mb4 */;
CREATE TABLE `likes` (
  `id` int NOT NULL AUTO_INCREMENT,
  `employee_id` int NOT NULL,
  `report_id` int NOT NULL,
  PRIMARY KEY (`id`),
  KEY `FKj1c196w92a949gsjfao48uldc` (`employee_id`),
  KEY `FK1io2phls8opufu7f6w8nkx8ul` (`report_id`),
  CONSTRAINT `FK1io2phls8opufu7f6w8nkx8ul` FOREIGN KEY (`report_id`) REFERENCES `reports` (`id`),
  CONSTRAINT `FKj1c196w92a949gsjfao48uldc` FOREIGN KEY (`employee_id`) REFERENCES `employees` (`id`)
) ENGINE=InnoDB AUTO_INCREMENT=34 DEFAULT CHARSET=utf8mb3;
/*!40101 SET character_set_client = @saved_cs_client */;

--
-- Dumping data for table `likes`
--

LOCK TABLES `likes` WRITE;
/*!40000 ALTER TABLE `likes` DISABLE KEYS */;
INSERT INTO `likes` VALUES (1,3,5),(2,3,5),(3,3,1),(4,3,2),(5,1,1),(6,4,1),(7,3,4),(8,6,1),(9,8,8),(10,7,9),(11,7,8),(12,8,7),(13,1,10),(14,1,9),(20,18,10),(21,18,9),(22,18,8),(23,18,7),(24,18,6),(25,13,5),(26,13,4),(27,13,3),(28,13,2),(29,13,1),(30,18,5),(31,18,1),(32,3,11),(33,1,4);
/*!40000 ALTER TABLE `likes` ENABLE KEYS */;
UNLOCK TABLES;

--
-- Table structure for table `reports`
--

DROP TABLE IF EXISTS `reports`;
/*!40101 SET @saved_cs_client     = @@character_set_client */;
/*!50503 SET character_set_client = utf8mb4 */;
CREATE TABLE `reports` (
  `id` int NOT NULL AUTO_INCREMENT,
  `content` longtext NOT NULL,
  `created_at` datetime(6) NOT NULL,
  `report_date` date NOT NULL,
  `title` varchar(255) NOT NULL,
  `updated_at` datetime(6) NOT NULL,
  `employee_id` int NOT NULL,
  `admin_read` int DEFAULT NULL,
  PRIMARY KEY (`id`),
  KEY `FK7m58c0h3phjcm6bco7aqikfen` (`employee_id`),
  CONSTRAINT `FK7m58c0h3phjcm6bco7aqikfen` FOREIGN KEY (`employee_id`) REFERENCES `employees` (`id`)
) ENGINE=InnoDB AUTO_INCREMENT=12 DEFAULT CHARSET=utf8mb3;
/*!40101 SET character_set_client = @saved_cs_client */;

--
-- Dumping data for table `reports`
--

LOCK TABLES `reports` WRITE;
/*!40000 ALTER TABLE `reports` DISABLE KEYS */;
INSERT INTO `reports` VALUES (1,'だだ\r\n\r\n\r\n\r\n\r\n','2021-12-21 23:06:15.102898','2021-12-21','だだ','2021-12-21 23:06:15.102898',9,1),(2,'ああああ\r\n','2021-12-22 00:45:29.229252','2021-12-22','テスト','2021-12-22 00:45:29.229252',1,0),(3,'End','2021-12-22 00:46:10.966896','2021-12-24','Finish','2021-12-22 02:22:01.461275',3,0),(4,'があああ\r\n','2021-12-24 13:54:11.532423','2021-12-24','てすてぃんぐ','2021-12-24 13:54:11.532423',3,1),(5,'fafafa\r\n','2022-01-03 21:31:59.258935','2022-01-03','afaf','2022-01-03 21:31:59.258935',3,1),(6,'こんにちわ\r\n','2022-01-06 11:12:56.544661','2022-01-06','あけまして','2022-01-06 11:12:56.544661',6,1),(7,'こんばんわ','2022-01-06 13:30:15.614538','2022-01-06','Hello','2022-01-06 13:30:15.614538',7,1),(8,'おおおおお','2022-01-06 13:30:48.859450','2022-01-06','ええええ','2022-01-06 13:30:48.859450',9,1),(9,'I am good','2022-01-06 13:31:43.423152','2022-01-06','How are you','2022-01-06 13:31:43.423152',8,1),(10,'テスト\r\n','2022-01-06 15:01:20.993561','2022-01-06','フラッシュメッセージ','2022-01-06 15:01:20.993561',8,1),(11,'きどく','2022-01-07 17:49:27.448169','2022-01-07','既読確認','2022-01-07 17:49:27.448169',18,0);
/*!40000 ALTER TABLE `reports` ENABLE KEYS */;
UNLOCK TABLES;
/*!40103 SET TIME_ZONE=@OLD_TIME_ZONE */;

/*!40101 SET SQL_MODE=@OLD_SQL_MODE */;
/*!40014 SET FOREIGN_KEY_CHECKS=@OLD_FOREIGN_KEY_CHECKS */;
/*!40014 SET UNIQUE_CHECKS=@OLD_UNIQUE_CHECKS */;
/*!40101 SET CHARACTER_SET_CLIENT=@OLD_CHARACTER_SET_CLIENT */;
/*!40101 SET CHARACTER_SET_RESULTS=@OLD_CHARACTER_SET_RESULTS */;
/*!40101 SET COLLATION_CONNECTION=@OLD_COLLATION_CONNECTION */;
/*!40111 SET SQL_NOTES=@OLD_SQL_NOTES */;

-- Dump completed on 2022-01-17 16:46:26
